{"cameraMode":{"drawMode":0,"name":"Shaded","section":"Shading Mode"},"sceneLighting":true,"audioPlay":false,"sceneViewState":{"m_AlwaysRefresh":false,"showFog":true,"showSkybox":true,"showFlares":true,"showImageEffects":true,"showParticleSystems":true,"showVisualEffectGraphs":true,"m_FxEnabled":true},"in2DMode":false,"pivot":{"x":-0.2414475679397583,"y":1.462480902671814,"z":0.7411926984786987},"rotation":{"x":-0.0033295920584350826,"y":0.9955891966819763,"z":0.038847677409648898,"w":0.08533089607954025},"size":0.2379641979932785,"orthographic":true}